Date,NO2,SO2,PM25,PM10
2016-01-30,30.582706766917294,,4.436241610738255,9.8
2016-01-31,31.334600760456272,,5.430379746835443,12.544642857142858
2016-02-01,23.98901098901099,,6.267045454545454,12.872881355932204
2016-02-02,32.46280991735537,,8.4640522875817,22.68548387096774
2016-02-03,43.6625,,6.853503184713376,17.385416666666668
2016-02-04,44.53076923076923,,6.7712765957446805,13.612068965517242
2016-02-05,34.694736842105264,,7.762135922330097,14.129310344827585
2016-02-06,23.490706319702603,,6.461206896551724,11.656050955414013
2016-02-07,23.156934306569344,,6.126050420168068,11.115151515151515
2016-02-08,23.834745762711865,,5.912037037037037,13.423728813559322
2016-02-09,40.74493927125506,,7.277777777777778,22.626373626373628
2016-02-10,46.38461538461539,,5.64367816091954,15.346153846153847
2016-02-11,71.65342960288808,,16.2375,32.370370370370374
2016-02-12,54.1875,,15.05982905982906,29.46
2016-02-13,36.166666666666664,,19.134328358208954,26.867924528301888
2016-02-14,29.42560553633218,,16.068292682926828,26.093333333333334
2016-02-15,45.609756097560975,,7.66497461928934,17.734848484848484
2016-02-16,61.016181229773466,,11.990243902439024,28.909774436090224
2016-02-17,51.035369774919616,,11.26842105263158,23.11111111111111
2016-02-18,55.86,,10.514705882352942,18.5
2016-02-19,48.74647887323944,,11.742857142857142,26.066176470588236
2016-02-20,27.852,,6.272108843537415,12.960264900662251
2016-02-21,19.267543859649123,,4.533783783783784,7.410256410256411
2016-02-22,40.46892655367232,,5.351851851851852,10.627329192546584
2016-02-23,47.197452229299365,,6.375,17.872
2016-02-24,73.06153846153846,,16.125984251968504,35.39090909090909
2016-02-25,74.21538461538462,,21.52577319587629,40.2
2016-02-26,49.68292682926829,,22.652173913043477,42.87755102040816
2016-02-27,39.271186440677965,,22.82758620689655,36.666666666666664
2016-02-29,46.131147540983605,,5.5,13.041666666666666
2016-03-01,20.29230769230769,,8.0,23.285714285714285
2016-03-02,26.25,,,
2016-03-03,26.758064516129032,,,8.0
2016-03-04,39.77272727272727,,,9.25
2016-03-05,43.744680851063826,,,16.136363636363637
2016-03-06,38.40425531914894,,,14.636363636363637
2016-03-07,63.68,,,17.714285714285715
2016-03-08,73.25,,,
2016-03-17,,,22.695652173913043,
2016-03-18,,,21.666666666666668,
2016-03-19,,,5.958333333333333,
2016-03-20,,,5.5,
2016-03-21,,,13.458333333333334,
2016-03-22,,,20.347826086956523,
2018-04-16,,,11.23076923076923,
2018-04-17,,,10.19047619047619,
2018-04-19,,,24.1875,
2018-04-20,,,20.136363636363637,
2018-04-21,,,30.434782608695652,
2018-04-22,,,32.73684210526316,
2018-04-23,,,12.714285714285714,
2018-04-24,,,8.9,
2018-04-25,,,7.894736842105263,
2018-04-26,,,6.428571428571429,
2018-04-27,,,8.166666666666666,
2018-04-28,,,10.157894736842104,
2018-04-29,,,8.05,
2018-04-30,,,8.08695652173913,
2018-05-01,,,9.478260869565217,
2018-05-02,,,6.75,
2018-05-03,,,8.608695652173912,
2018-05-04,,,10.117647058823529,
2018-05-05,,,14.75,
2018-05-06,,,19.761904761904763,
2018-05-07,,,28.61111111111111,
2018-05-08,,,26.142857142857142,
2018-05-09,,,12.904761904761905,
2018-05-10,,,8.409090909090908,
2018-05-11,,,9.478260869565217,
2018-08-17,,0.0122825,,
2018-08-20,,0.00544,7.17,
2018-08-30,,0.045566666666666665,9.331428571428571,
2018-09-04,,0.035775,12.535,
2018-09-05,,0.03808,13.93,
2018-09-06,,0.024872727272727272,5.011818181818182,
2018-09-07,,0.014150000000000001,4.415,
2018-09-10,,0.01965,6.762222222222222,
2018-09-11,,0.02604888888888889,9.85888888888889,
2018-09-12,,0.04385625,7.446875,
2018-09-13,,0.0149,3.24,
2018-09-17,,0.04024,7.08,
2018-09-18,,0.013933333333333334,7.933333333333334,
2018-09-19,,0.019086,10.090666666666667,
2018-09-22,,0.037275,6.868,
2018-09-24,,0.037229411764705886,5.503333333333334,
2018-09-25,,0.03771111111111111,6.207222222222223,
2018-09-26,,0.06026666666666666,7.647142857142858,
2018-09-27,,0.047784615384615384,8.177083333333334,
2018-09-28,,,5.8315789473684205,
2018-09-29,,0.05088571428571429,8.571645569620253,
2018-09-30,,,7.854583333333333,
2018-10-01,,0.01917695238095238,5.385529411764706,
2018-10-02,,0.019617350427350428,5.035052631578947,
2018-10-03,,0.02335288,7.070434782608696,
2018-10-04,,0.019476171875,13.245889570552146,
2018-10-05,,0.029840201342281877,18.87289855072464,
2018-10-06,,0.016087430555555556,13.30359813084112,
2018-10-07,,0.01609013888888889,8.951898148148148,
2018-10-08,,0.02295777777777778,9.008518518518517,
2018-10-09,,0.026261898734177214,13.434586776859504,
2018-10-10,,0.03163333333333333,40.939726027397256,
2018-10-11,,0.018171844660194173,12.95221590909091,
2018-10-12,,0.013820143678160918,10.792091152815013,
2018-10-13,,0.015785694444444446,11.151901041666667,
2018-10-14,,0.011450696378830083,7.44453125,
2018-10-16,,0.016647527352297593,23.215500000000002,
2018-10-17,,0.024392402234636873,11.892335766423358,
2018-10-18,,0.01466118136439268,12.309982935153583,
2018-10-19,,0.023939746646795827,14.92704292527822,
2018-10-20,,0.025111818181818183,23.89776119402985,
2018-10-21,,0.01776937313432836,19.110173310225303,
2018-10-22,,0.016942152466367714,9.559525423728813,
2018-10-23,,0.01666687878787879,10.730702614379084,
2018-10-24,,0.017521296296296295,12.25907435508346,
2018-10-25,,0.016927155655095186,14.420559646539028,
2018-10-26,,0.014787589686098656,6.677392638036809,
2018-10-27,,0.010817141255605381,5.293304647160069,
2018-10-28,,0.010458539576365663,5.590176366843034,
2018-10-29,,0.014194167573449401,5.549725557461406,
2018-10-30,,0.015005903225806451,8.620747967479675,
2018-10-31,,0.023386042128603103,11.389032258064516,
2018-11-01,,0.023497990762124714,17.53822463768116,
2018-11-02,,0.02531435215946844,13.72736641221374,
2018-11-03,,0.016295199516324063,10.939815195071867,
2018-11-04,,0.01365863196125908,16.822,
2018-11-05,,0.020751013268998794,44.86552577319588,
2018-11-06,,0.015768126649076515,26.772695214105795,
2018-11-07,,0.012317709251101322,6.509683908045977,
2018-11-08,,0.014857508143322476,7.428974358974359,
2018-11-09,,0.014773090586145647,9.503702127659574,
2018-11-10,,0.01691296089385475,11.207014218009478,
2018-11-11,,0.012594757281553398,8.002864583333333,
2018-11-12,,0.019514931506849315,7.970167597765363,
2018-11-13,,0.02242094972067039,7.745612903225806,
2018-11-15,,0.02129941504178273,23.48495575221239,
2018-11-16,,0.016964330357142857,23.602095238095234,
2018-11-17,,0.016364444444444445,26.923684210526318,
2018-11-18,,0.01389,15.753561643835617,
2018-11-19,,0.012984237288135594,7.665882352941177,
2018-11-20,,0.01786888888888889,17.99179104477612,
2018-11-21,,0.019435,28.384912280701755,
2018-11-22,,0.026004887640449437,46.45454545454545,
2018-11-23,,0.02253942105263158,43.105063291139246,
2018-11-24,,0.019185810810810812,32.88695652173913,
2018-11-25,,0.011780672268907562,21.97875,
2018-11-26,,0.017698396946564887,13.326363636363636,
2018-11-27,,0.02192312925170068,22.076451612903227,
2018-11-28,,0.017005447154471547,8.754354838709677,
2018-11-29,,0.015762151898734176,7.191428571428572,
2018-11-30,,0.019366296296296295,9.399583333333334,
2018-12-01,,0.018616829268292685,6.404375000000001,
2018-12-02,,0.014445641025641026,4.772291666666667,
2018-12-03,,0.014914857142857145,9.687592592592592,
2018-12-04,,0.03193758620689655,8.83322033898305,
2018-12-05,,0.02312876712328767,13.045846153846155,
2018-12-06,,0.01825072463768116,6.826875,
2018-12-07,,0.010345737704918033,6.295625,
2018-12-08,,0.008823777777777778,9.540625,
2018-12-09,,0.01063304761904762,6.758125,
2018-12-10,,0.02319259259259259,7.829583333333333,
2018-12-11,,0.032135254237288136,18.13173076923077,
2018-12-12,,0.021127317073170733,14.11357142857143,
2018-12-13,,0.023157933333333332,16.816615384615382,
2018-12-15,,0.01204832,17.8656,
2018-12-16,,0.01688751879699248,7.734999999999999,
2018-12-17,,0.021205656565656563,8.273777777777777,
2018-12-18,,0.009407451923076923,7.521428571428571,
2018-12-19,,0.014338848167539267,5.616666666666667,
2018-12-20,,0.014406030150753769,6.4075,
2018-12-21,,0.010589850746268656,8.7525,
2018-12-22,,0.013486116071428573,8.232,
2018-12-23,,0.012410916666666666,,
2018-12-24,,0.021138170731707314,,
2018-12-25,,0.016489453125,,
2018-12-26,,0.013529000000000001,,
2018-12-27,,0.02284330434782609,,
2018-12-28,,0.01937316239316239,,
2018-12-29,,0.013866601941747573,,
2018-12-30,,0.012842234042553193,,
2018-12-31,,0.011412366863905326,,
2019-01-01,,0.008255060240963855,,
2019-01-02,,0.012986,12.48375,
2019-01-03,,0.01729,14.900833333333333,
2019-01-04,,0.02123337748344371,30.954166666666666,
2019-01-05,,0.016403870967741936,32.34285714285714,
2019-01-06,,0.015399159663865547,,
2019-01-07,,0.011929620253164555,13.5,
2019-01-08,,0.012646338028169014,10.286470588235295,
2019-01-09,,0.014691666666666665,8.599142857142857,
2019-01-10,,0.024658857142857142,28.79565217391304,
2019-01-11,,0.021121544715447155,19.13,
2019-01-12,,0.00938952380952381,7.267499999999999,
2019-01-14,,0.01777390476190476,8.024705882352942,
2019-01-15,,0.015433124999999999,6.526923076923077,
2019-01-16,,0.01126729411764706,6.956829268292683,
2019-01-17,,0.015693333333333333,9.1675,
2019-01-18,,0.018821862745098037,12.070512820512821,
2019-01-19,,0.01172567901234568,14.289166666666667,
2019-01-20,,0.018637816091954026,30.462500000000002,
2019-01-21,,0.020558720930232557,43.15333333333333,
2019-01-22,,0.02019752475247525,14.854999999999999,
2019-01-23,,0.021516641221374047,21.425,
2019-01-24,,0.02989,45.59583333333333,
2019-01-25,,0.02107753846153846,26.848333333333333,
2019-01-26,,0.009178617886178861,9.524166666666668,
2019-01-27,,0.006456333333333333,8.164583333333333,
2019-01-28,,0.017877906976744184,8.838709677419354,
2019-01-29,,0.022253805970149254,11.014583333333334,
2019-01-30,,0.024741858407079646,10.81,
2019-01-31,,0.027931521739130435,28.442857142857143,
2019-02-01,,0.019632282608695654,,
2019-02-02,,0.012932894736842105,,
2019-02-03,,0.019635208333333334,,
2019-02-04,,0.01880875,,
2019-02-05,,0.01985450980392157,8.9375,
2019-02-06,,0.022109375,9.096428571428572,
2019-02-07,,0.011848333333333334,5.363333333333333,
2019-02-08,,0.011279873417721518,6.5062500000000005,
2019-02-09,,0.010860104166666667,6.58625,
2019-02-10,,0.0150671875,4.67875,
2019-02-11,,0.02473242718446602,7.1996875000000005,
2019-02-13,,0.02243388888888889,12.807083333333333,
2019-02-14,,0.03550729166666667,41.58421052631579,
2019-02-15,,0.03457980769230769,50.9962962962963,
2019-02-16,,0.024921083333333333,49.736666666666665,
2019-02-17,,0.016906916666666667,38.25416666666667,
2019-02-18,,0.02016641666666667,23.3905,
2019-02-19,,0.018947936507936507,20.0518115942029,
2019-02-20,,0.01691840579710145,19.53993827160494,
2019-02-21,,0.021871478873239435,27.5486,
2019-02-22,,0.0273077304964539,47.27047619047619,
2019-02-23,,0.024257828947368422,56.44821428571428,
2019-02-24,,0.026654424242424247,50.72261904761905,
2019-02-25,,0.03398433734939759,51.25654761904762,
2019-02-26,,0.03854545454545455,45.385310734463275,
2019-02-27,,0.04157936416184971,52.850236966824646,
2019-02-28,,0.023761741573033707,34.43495967741936,
2019-03-01,,0.02180476923076923,31.74993127147766,
2019-03-02,,0.012357607655502392,14.226339285714285,
2019-03-03,,0.007367464788732394,12.841011904761904,
2019-03-04,,0.012673318181818183,11.23706231454006,
2019-03-05,,0.01529923076923077,9.313601895734598,
2019-03-06,,0.012385223214285715,12.143695652173912,
2019-03-07,,0.0103703431372549,6.841510416666667,
2019-03-08,,0.016766829268292684,8.714515050167224,
2019-03-09,,0.00902320143884892,12.62001652892562,
2019-03-10,,0.008848888888888889,12.323477564102564,
2019-03-11,,0.011487565789473684,7.508445512820513,
2019-03-12,,0.01230297619047619,9.711151419558359,
2019-03-13,,0.009132607449856733,9.224140508221225,
2019-03-15,,0.010870659025787965,7.93599721059972,
2019-03-16,,0.006673385416666667,8.599388888888889,
2019-03-17,,0.00919544474393531,6.803166666666666,
2019-03-18,,0.021141941176470586,8.617638888888889,
2019-03-19,,0.022109442724458205,15.297372262773724,
2019-03-20,,0.01585377300613497,10.688513513513513,
2019-03-21,,0.0181435,13.160208333333333,
2019-03-22,,0.014571416666666667,17.49575235109718,
2019-03-23,,0.014495626822157435,15.7071452991453,
2019-03-24,,0.013823630573248409,11.827427536231884,
2019-03-25,,0.012332743055555555,8.890253623188405,
2019-03-26,,0.02502450909090909,13.771689059500961,
2019-03-27,,0.021416916666666667,10.713720930232558,
2019-03-28,,0.02337611111111111,15.582958579881657,
2019-03-29,,0.02638222222222222,27.286625,
2019-03-30,,0.02322222857142857,42.101010101010104,
2019-03-31,,0.007629855072463769,21.61828125,
2019-04-01,,0.01387156462585034,10.706770833333332,
2019-04-02,,0.01682826086956522,19.547971014492752,
2019-04-03,,0.015941666666666666,12.497524752475247,
2019-04-04,,0.013916666666666666,7.702075471698114,
2019-04-05,,0.014639395604395604,10.351826086956523,
2019-04-06,,0.011137678571428571,16.288541666666667,
2019-04-07,,0.011517678571428571,50.084375,
2019-04-08,,0.019331071428571427,44.77395833333333,
2019-04-09,,0.013279717514124293,36.26698113207547,
2019-04-10,,0.00956664864864865,10.737090909090908,
2019-04-11,,0.012284833333333332,9.379381443298968,
2019-04-12,,0.013291510416666666,11.983875000000001,
2019-04-14,,0.011140893854748602,20.772222222222222,
2019-04-15,,0.015394583333333333,34.041666666666664,
2019-04-16,,0.025687784431137724,43.547222222222224,
2019-04-17,,0.019598307692307693,49.99583333333333,
2019-04-18,,0.01827133333333333,54.766666666666666,
2019-04-19,,0.014617125,25.77777777777778,
2019-04-20,,0.012125550847457627,26.580281690140847,
2019-04-21,,0.011662394957983194,30.195833333333333,
2019-04-22,,0.017901125,45.263888888888886,
2019-04-23,,0.02014513157894737,24.172361111111112,
2019-04-24,,0.017314355555555556,19.85277108433735,
2019-04-25,,0.011210585774058576,6.019895833333333,
2019-04-26,,0.01093316513761468,8.3278125,
2019-04-27,,0.008197605633802818,7.1638947368421055,
2019-04-28,,0.008940208333333333,7.456236559139785,
2019-04-29,,0.01545345070422535,17.116770833333334,
2019-04-30,,0.01812204379562044,20.618750000000002,
2019-05-01,,0.020692406015037593,18.94604938271605,
2019-05-02,,0.014362325581395349,9.000769230769231,
2019-05-03,,0.014902692307692308,12.63298969072165,
2019-05-04,,0.004452616822429907,7.339893617021277,
2019-05-05,,0.006209552238805971,10.176947368421054,
2019-05-06,,0.0077667361111111105,7.61372340425532,
2019-05-07,,0.012840833333333334,10.342395833333333,
2019-05-08,,0.018502389380530972,12.860752688172042,
2019-05-09,,0.024807291666666665,13.813428571428572,
2019-05-10,,0.021437555555555557,12.780000000000001,
2019-05-11,,0.014321489361702128,13.274029850746269,
2019-05-12,,0.015687727272727273,7.932112676056337,
2019-05-14,,0.014422499999999998,7.9514736842105265,
2019-05-15,,0.019339444444444444,13.930416666666666,
2019-05-16,,0.012511267605633803,10.2246875,
2019-05-17,,0.010578518518518518,12.331125,
2019-05-18,,0.013327916666666667,18.217083333333335,
2019-05-19,,0.01265375,21.050555555555558,
2019-05-20,,0.013081666666666667,14.738194444444446,
2019-05-21,,0.011262708333333335,6.59875,
2019-05-22,,0.0093825,5.711375,
2019-05-23,,0.008612083333333333,6.1415625,
2019-05-24,,0.015022222222222222,7.551803278688525,
2019-05-25,,0.01087657142857143,6.487708333333334,
2019-05-26,,0.008760666666666667,5.980833333333333,
2019-05-27,,0.006565681818181818,5.513125,
2019-05-28,,0.009016170212765958,4.726458333333333,
2019-05-29,,0.009475625,7.37125,
2019-05-30,,0.009616666666666667,6.612916666666667,
2019-05-31,,0.008838421052631579,4.78625,
2019-06-01,,0.007973333333333334,6.081666666666667,
2019-06-02,,0.007355833333333333,6.1675,
2019-06-03,,0.005923333333333333,6.033333333333334,
2019-06-04,,0.01116875,9.140416666666667,
2019-06-05,,0.00623695652173913,5.99125,
2019-06-06,,0.005145833333333333,4.702916666666667,
2019-06-07,,0.009982083333333334,6.91,
2019-06-08,,0.004825,4.4070833333333335,
2019-06-09,,0.005999583333333333,4.8566666666666665,
2019-06-10,,0.00938375,6.751666666666666,
2019-06-11,,0.006461249999999999,6.444583333333333,
2019-06-13,,0.008491538461538462,10.876666666666667,
2019-07-03,,0.0077475,,
2019-07-04,,0.01254375,,
2019-07-05,,0.013965833333333332,,
2019-07-06,,0.016325,,
2019-07-07,,0.008059166666666668,,
2019-07-08,,0.007279999999999999,,
2019-07-09,,0.012322121212121211,7.423333333333333,
2019-07-10,,0.009974166666666668,7.5625,
2019-07-11,,0.009649365079365079,5.459166666666667,
2019-07-13,,0.00860986111111111,4.6066666666666665,
2019-07-14,,0.0060169014084507045,4.4816666666666665,
2019-07-15,,0.007355694444444445,3.47,
2019-07-16,,0.009044202898550725,5.582083333333333,
2019-07-17,,0.009008375,6.653611111111111,
2019-07-18,,0.011657613636363638,7.194375,
2019-07-19,,0.013511894736842106,7.533333333333334,
2019-07-20,,0.007489772727272728,5.285833333333334,
2019-07-21,,0.008222178217821782,4.8950000000000005,
2019-07-22,,0.013807304347826087,7.617291666666667,
2019-07-23,,0.020228166666666665,8.364791666666667,
2019-07-24,,0.02272361344537815,8.831249999999999,
2019-07-25,,0.03656,10.031875,
2019-07-26,,0.019531847826086957,8.136458333333334,
2019-07-27,,0.011490729166666666,7.492083333333333,
2019-07-28,,0.007094891304347826,4.770833333333333,
2019-07-29,,0.01123752808988764,4.803541666666667,
2019-07-30,,0.011508602150537634,6.484791666666666,
2019-07-31,,0.008931264367816093,6.4728125,
2019-08-01,,0.012027521367521367,7.6883333333333335,
2019-08-02,,0.01257602564102564,9.6325,
2019-08-03,,0.013990985915492958,7.746666666666667,
2019-08-04,,0.01421138888888889,8.849166666666667,
2019-08-05,,0.013827605633802817,7.39375,
2019-08-06,,0.012871111111111111,7.108750000000001,
2019-08-07,,0.013716666666666667,7.9125,
2019-08-08,,0.01653125,,
2019-08-09,,0.015338125,,
2019-08-10,,0.007540416666666667,,
2019-08-12,,0.019307708333333333,,
2019-08-13,,0.013120799999999998,,
2019-08-14,,0.017345833333333335,,
2019-08-15,,0.010769166666666668,,
2019-08-16,,0.014074999999999999,,
2019-08-17,,0.01039125,,
2019-08-18,,0.010013333333333334,,
2019-08-19,,0.009949166666666667,,
2019-08-20,,0.0170025,,
2019-08-21,,0.01581583333333333,,
2019-08-22,,0.014491,,
2019-09-03,,0.013366666666666667,7.54,
2019-09-04,,0.012025652173913043,11.623750000000001,
2019-09-05,,0.014768125,7.92875,
2019-09-06,,0.01668333333333333,9.83625,
2019-09-07,,0.0089475,7.8125,
2019-09-08,,0.01097875,7.03125,
2019-09-09,,0.020795208333333332,10.7025,
2019-09-11,,0.015977291666666667,8.064166666666667,
2019-09-12,,0.016689375,8.920416666666666,
2019-09-13,,0.010451458333333332,7.672083333333333,
2019-09-14,,0.018672916666666668,10.129166666666666,
2019-09-15,,0.019460416666666668,10.904583333333333,
2019-09-16,,0.017129166666666668,16.576249999999998,
2019-09-17,,0.0067982352941176475,5.622941176470588,
2019-09-18,,0.010672916666666666,4.797916666666667,
2019-09-19,,0.013609166666666667,6.0929166666666665,
2019-09-20,,0.011405,7.918333333333333,
2019-09-21,,0.011212083333333333,8.200000000000001,
2019-09-22,,0.014775416666666666,8.310416666666667,
2019-09-23,,0.011201250000000001,2.5187500000000003,
2019-09-24,,0.014522083333333333,3.58375,
2019-09-25,,0.012705416666666665,2.8354166666666667,
2019-09-26,,0.011493333333333335,3.333529411764706,
2019-09-27,,0.011517291666666667,3.894838709677419,
2019-09-28,,0.00871125,3.3115384615384613,
2019-09-29,,0.008263958333333333,2.4215999999999998,
2019-09-30,,0.014182708333333334,4.226249999999999,
2019-10-01,,0.012592291666666667,3.9036363636363633,
2019-10-02,,0.011476875,2.8991666666666664,
2019-10-03,,0.01741875,9.09,
2019-10-04,,0.01568375,5.801162790697674,
2019-10-05,,0.014108125,9.847894736842104,
2019-10-06,,0.008632291666666667,11.582413793103449,
2019-10-07,,0.01582125,5.7296000000000005,
2019-10-08,,0.012655757575757575,5.467222222222222,
2019-10-09,,0.010154999999999999,,
2019-10-11,,0.011522083333333334,,
2019-10-12,,0.014503750000000001,0.536,
2019-10-13,,0.013065,0.8577777777777778,
2019-10-14,,0.022780416666666668,2.8057142857142856,
2019-10-15,,0.01304375,0.546,
2019-10-16,,0.016869166666666668,0.5675,
2019-10-17,,0.018504166666666665,,
2019-10-18,,0.009805,,
2019-10-19,,,1.3299999999999998,
2019-10-20,,,1.014,
2019-10-22,,,1.33125,
2019-10-23,,,3.43,
2019-10-24,,,5.72047619047619,
2019-10-26,,,0.355,
2019-10-27,,,1.495,
2019-10-28,,,1.04,
2019-10-30,,,1.926153846153846,
2019-10-31,,,5.898333333333333,
2019-11-01,,,6.9175,
2019-11-02,,,0.26666666666666666,
2019-11-03,,,2.53,
2019-11-04,,,2.2600000000000002,
2019-11-05,,,1.934375,
2019-11-06,,,2.697,
2019-11-07,,,0.26,
2019-11-08,,,1.9844444444444445,
2019-11-10,,0.0142575,3.037272727272727,
2019-11-11,,0.007760833333333334,0.86,
2019-11-12,,0.00948,,
2019-11-13,,0.017877916666666667,,
2019-11-14,,0.021600416666666667,1.01,
2019-11-15,,0.00806875,1.5141176470588233,
2019-11-16,,0.017247916666666665,2.3325,
2019-11-17,,0.017764166666666668,4.04,
2019-11-18,,0.013368333333333334,2.07,
2019-11-19,,0.028399999999999998,2.995416666666667,
2019-11-20,,0.0193875,1.521818181818182,
2019-11-21,,0.016155,5.7508333333333335,
2019-11-22,,0.021044999999999998,1.48125,
2019-11-23,,0.016065,1.6336363636363636,
2019-11-24,,0.01643625,,
2019-11-25,,0.020514583333333333,,
2019-11-26,,0.023899583333333335,,
2019-11-27,,0.019374583333333334,,
2019-11-28,,0.007812916666666668,,
2019-11-29,,0.014195833333333333,,
2019-11-30,,0.02212,,
2020-01-06,,,7.385925925925926,
2020-01-07,,,7.5055555555555555,12.0
2020-01-09,,0.0153625,3.479722222222222,12.869565217391305
2020-01-10,,0.025482083333333332,5.025555555555555,8.521739130434783
2020-01-11,,0.009527083333333334,4.935972222222222,9.478260869565217
2020-01-12,,0.014722916666666667,3.029027777777778,8.130434782608695
2020-01-13,,0.010295,3.9825000000000004,7.913043478260869
2020-01-14,,0.0096925,5.5183333333333335,9.173913043478262
2020-01-15,,0.027163333333333334,4.293645833333334,6.391304347826087
2020-01-16,,0.012334166666666667,5.427395833333333,10.956521739130435
2020-01-17,,0.027115,3.9842708333333334,8.478260869565217
2020-01-18,,0.033383333333333334,6.393854166666666,7.521739130434782
2020-01-19,,0.03385,10.641041666666666,17.26086956521739
2020-01-20,,0.042737500000000005,18.23125,25.08695652173913
2020-01-21,,0.04334166666666667,25.694479166666667,30.695652173913043
2020-01-22,,0.0328875,35.33177083333333,34.54545454545455
2020-01-23,,0.030475000000000002,16.610208333333333,22.434782608695652
2020-01-24,,0.032795652173913045,15.946979166666667,15.782608695652174
2020-01-25,,0.018828333333333332,25.420625,19.82608695652174
2020-01-26,,0.013196666666666667,13.748958333333334,26.91304347826087
2020-01-27,,0.026106666666666667,3.6649999999999996,10.08695652173913
2020-01-28,,0.026857916666666665,2.7189473684210523,5.086956521739131
2020-01-29,,0.03132380952380952,7.775833333333334,10.173913043478262
2020-01-30,,,4.5754166666666665,11.176470588235293
2020-01-31,,,2.205,
2020-02-01,,,7.670833333333333,
2020-02-02,,,9.359166666666667,
2020-02-03,,,10.288333333333334,
2020-02-10,,,6.987,
2020-02-11,,,5.560416666666666,
2020-02-12,,,7.457083333333333,
2020-02-13,,,7.077500000000001,
2020-02-14,,,10.361666666666666,
2020-02-15,,,5.503333333333334,
2020-02-16,,,5.676666666666667,
2020-02-17,,,10.254583333333333,
2020-02-18,,,7.665416666666666,
2020-02-19,,,10.961666666666666,
2020-02-20,,,5.010833333333333,
2020-02-21,,,8.849583333333333,
2020-02-22,,,8.160416666666666,
2020-02-23,,,3.5887499999999997,
2020-02-24,,,6.736666666666667,
2020-02-25,,,4.932272727272728,
2020-02-26,,,5.785833333333334,
2020-02-27,,,5.854583333333333,
2020-02-28,,,7.309583333333333,
2020-02-29,,,8.066666666666666,
2020-03-01,,,5.978750000000001,
2020-03-02,,,5.017714285714286,
2020-03-03,,,6.854166666666667,
2020-03-04,,,10.503958333333333,
2020-03-05,,,17.223333333333333,
2020-03-06,,,11.535833333333334,
2020-03-07,,,15.21875,
2020-03-09,,,6.795405405405406,
2020-03-10,,,2.5595833333333333,
2020-03-11,,,4.1658333333333335,
2020-03-12,,,7.046250000000001,
2020-03-13,,,8.145416666666668,
2020-03-14,,,6.414583333333333,
2020-03-15,,,4.7283333333333335,
2020-03-16,,,7.6066666666666665,
2020-03-17,,,6.785833333333333,
2020-03-18,,,6.665,
2020-03-31,,0.0030477777777777777,,
2020-04-01,,0.0096775,,
2020-04-02,,0.002425,,
2020-04-03,,0.01007578947368421,,
2020-04-04,,0.011535625,,
2020-04-05,,0.0012423076923076923,,
2020-04-06,,0.0012672222222222223,,
2020-04-08,,0.00899888888888889,,
2020-04-09,,0.00921125,,
2020-04-10,,0.005011111111111111,,
2020-04-11,,0.008742222222222222,,
2020-04-12,,0.002692105263157895,,
2020-04-13,,-0.00177375,,
2020-04-14,,0.0030883333333333336,,
2020-04-15,,0.009465238095238096,,
2020-04-16,,0.009277727272727273,,
2020-04-17,,-4.166666666666713e-06,,
2020-04-18,,0.00509875,,
2020-04-19,,0.001577222222222222,,
2020-04-20,,0.0018915000000000002,,
2020-04-21,,0.001201818181818182,,
2020-04-22,,0.00456888888888889,,
2020-04-23,,0.006403157894736842,,
2020-04-24,,0.0053825,,
2020-04-25,,0.0007413043478260871,,
2020-04-26,,0.004501538461538461,,
2020-08-06,,0.01105125,8.72375,
2020-08-07,,0.0244125,11.8725,
2020-08-08,,0.019182916666666664,13.045833333333334,
2020-08-09,,0.008496249999999999,17.441666666666666,
2020-08-10,,0.016837500000000002,19.558333333333334,
2020-08-11,,0.02304166666666667,33.15,
2020-08-12,,0.020958333333333332,42.375,
2020-08-13,,0.011333333333333334,26.695833333333336,
2020-08-14,,0.006327083333333334,15.791304347826086,
2020-08-15,,0.010249583333333333,28.127272727272725,
2020-08-16,,0.00913625,28.426086956521736,
2020-08-17,,0.010406666666666666,11.344347826086958,
2020-08-18,,0.009422083333333333,7.821363636363636,
2020-08-19,,0.011879166666666668,9.248571428571429,
2020-08-20,,0.008687499999999999,7.964166666666667,
2020-08-21,,0.007685416666666667,7.30875,
2020-08-22,,0.0050283333333333334,5.77375,
2020-08-23,,0.0038708333333333333,5.11,
2020-08-24,,0.008399166666666668,5.700454545454545,
2020-08-25,,0.006317083333333333,6.253478260869565,
2020-08-26,,0.0044155,5.1450000000000005,
2020-08-27,,,5.616666666666666,
2020-10-13,,,,9.076923076923077
2020-10-14,,,,10.0
2020-10-15,,,,10.0
2020-10-16,,,,11.272727272727273
2020-10-17,,,,10.173913043478262
2020-10-18,,,,13.25
2020-10-19,,,,16.608695652173914
2020-10-20,,,,15.125
2020-10-21,,,,13.75
2020-10-22,,,,8.291666666666666
2020-10-23,,,,9.125
2020-10-24,,,,7.913043478260869
2020-10-25,,,,6.304347826086956
2020-10-26,,,,6.95
2020-10-27,,,,9.222222222222221
2020-10-28,,,,10.782608695652174
2020-10-29,,,,8.529411764705882
2020-10-30,,,,7.076923076923077
2020-10-31,,,,6.3076923076923075
2020-11-01,,,,13.3
2020-11-02,,,,7.041666666666667
2020-11-04,,,,11.625
2020-11-05,,,,33.34782608695652
2020-11-06,,,,77.05882352941177
2021-04-10,,,,9.647058823529411
2021-04-11,,,,8.5
2021-04-12,,,,8.363636363636363
2021-04-13,,,,12.105263157894736
2021-04-14,,,,17.7
2021-04-15,,,,9.782608695652174
2021-04-16,,,,9.0
2021-04-17,,,,10.19047619047619
2021-04-18,,,,8.761904761904763
2021-04-19,,,,17.208333333333332
2021-04-20,,,,28.956521739130434
2021-04-21,,,,46.0
2021-04-22,,,,22.095238095238095
2021-04-23,,,,15.818181818181818
2021-04-24,,,,15.545454545454545
2021-04-27,,,,16.5
2021-04-28,9.866666666666665,,6.666666666666667,22.341666666666665
2021-04-29,27.068118811881188,,8.959701492537313,17.251136363636363
2021-04-30,35.90936883629191,,11.158992805755394,21.68472400513479
2021-05-01,30.005790960451975,,14.689944134078212,21.75785288270378
2021-05-03,15.694023136246788,,7.646172839506172,20.09630606860158
2021-05-04,15.572407883461867,,4.609717868338558,13.081242236024844
2021-05-05,27.612863795110595,,4.9145161290322585,12.012607674236492
2021-05-06,32.300370370370366,,6.8943209876543206,16.550382978723405
2021-05-07,26.84448871181939,,6.534883720930233,16.56050955414013
2021-05-08,17.294388489208632,,7.050806451612903,14.036236236236237
2021-05-09,10.653591160220994,,5.867441860465116,9.017777777777779
2021-05-10,18.89565826330532,,6.523225806451613,14.730846774193548
2021-05-11,30.081864754098362,,7.934364261168385,17.95303867403315
2021-05-12,23.707308248914618,,7.688953488372093,19.283350462487153
2021-05-13,34.209029649595685,,10.855696202531645,17.544454628780937
2021-05-14,30.209975062344142,,11.721527777777778,18.020115894039733
2021-05-15,26.429457870672763,,9.643034825870647,14.409523809523808
2021-05-16,20.09295441089402,,6.857241379310345,13.458690379951497
2021-05-17,31.261876127480456,,8.518396226415096,14.217477328936521
2021-05-18,27.978907103825136,,8.305833333333334,15.583007518796993
2021-05-19,30.294195888754533,,5.555835240274599,11.935744680851064
2021-05-20,25.655206847360912,,7.027823691460055,19.577450980392157
2021-05-21,10.837669376693766,,7.6609375,16.39633333333333
2021-05-22,19.840866873065014,,5.375190839694656,8.739689265536724
2021-05-24,13.962962962962964,,5.071428571428571,6.39
2021-05-25,24.8766732935719,,5.893627450980392,14.944259259259258
2021-05-26,36.68,,10.44375,16.397727272727273
2021-05-27,37.316911764705885,,10.977868852459016,19.27810945273632
2021-05-28,40.29222333000997,,14.683461538461538,24.985232067510548
2021-05-29,29.081390856406955,,15.571159029649595,23.499613152804642
2021-05-31,21.38869760479042,,17.090607734806632,25.100447427293066
2021-06-02,41.306607142857146,,16.35185185185185,31.60115384615385
2021-06-03,24.654570637119114,,14.611594202898551,28.029071332436068
2021-06-04,31.075095785440613,,9.763076923076923,16.602642007926026
2021-06-05,24.43245492371706,,11.981304347826086,21.19605734767025
2021-06-06,21.620813771517998,,8.89191489361702,15.005806451612903
2021-06-07,24.057725947521863,,7.686086956521739,16.756153846153847
2021-06-08,27.830563798219583,,10.402727272727272,18.92825278810409
2021-06-09,16.423076923076923,,6.571428571428571,15.153846153846153
2021-06-10,26.237387387387386,,8.333663366336634,17.411428571428573
2021-06-11,17.6781746031746,,6.498876404494382,14.56359649122807
2021-06-12,19.378571428571426,,9.129245283018868,17.670038910505834
2021-06-13,25.757203389830508,,11.448837209302326,25.831313131313134
2021-06-14,29.58505747126437,,9.885507246376813,22.210389610389612
2021-06-15,25.822340425531916,,7.598876404494382,24.853787878787877
2021-06-16,21.125,,13.200000000000001,18.67142857142857
2021-06-17,26.745283018867923,,14.527848101265823,23.329310344827583
2021-06-18,24.146052631578947,,4.548529411764706,10.877272727272727
2021-06-19,21.138297872340427,,4.85,13.756028368794325
2021-06-20,16.232307692307693,,6.010344827586207,12.422764227642276
2021-06-21,15.761111111111111,,6.471794871794872,12.47319587628866
2021-06-22,15.36969696969697,,7.692857142857143,16.683333333333334
2021-06-23,21.09351851851852,,10.18968253968254,13.972093023255812
2021-06-24,30.05913043478261,,15.102439024390245,19.296875
2021-06-25,20.883529411764705,,7.177142857142857,9.68611111111111
2021-06-26,18.77926829268293,,10.066666666666666,12.555555555555555
2021-06-27,14.641463414634147,,16.8462962962963,19.345454545454544
2021-06-28,22.00625,,11.898484848484848,15.614285714285714
2021-06-29,23.813333333333333,,10.90566037735849,17.625
2021-06-30,20.416666666666668,,10.85,16.0
2021-07-02,32.44285714285714,,15.174137931034483,22.110714285714288
2021-07-03,23.695081967213117,,9.3375,13.41904761904762
2021-07-04,12.232558139534884,,7.421875,7.185
2021-07-05,26.195348837209306,,8.351724137931035,10.781818181818181
2021-07-06,21.475,,,10.618181818181817
2021-07-07,17.349999999999998,,7.35,10.166666666666666
2021-07-08,21.49767441860465,,7.511764705882353,11.62439024390244
2021-07-09,33.044117647058826,,5.0,16.735714285714288
2021-07-11,22.2,,8.0,10.9
2021-07-12,32.77368421052632,,9.0,13.427272727272728
2021-07-13,20.5,,12.0,23.677142857142858
2021-07-14,22.419148936170213,,10.0,16.86
2021-07-15,21.72962962962963,,,17.094444444444445
2021-07-16,13.178947368421053,,6.0,16.35185185185185
2021-07-17,18.279999999999998,,10.11111111111111,12.404347826086957
2021-07-18,23.01304347826087,,15.277777777777779,18.316666666666666
2021-07-19,24.99433962264151,,14.714285714285714,15.225
2021-07-20,35.23823529411764,,19.444444444444443,20.625
2021-07-21,35.730000000000004,,23.666666666666668,47.214285714285715
2021-07-22,32.63148148148148,,5.0,24.527272727272727
2021-07-23,13.697560975609756,,4.5,19.571428571428573
2021-07-24,15.196153846153846,,10.75,18.525
2021-07-25,12.0125,,18.571428571428573,29.0
2021-08-02,18.18,,9.0,10.55
2021-08-03,21.40434782608696,,11.0,12.175
2021-08-04,26.46153846153846,,13.714285714285714,16.640740740740743
2021-08-05,13.428571428571429,,8.7,12.384615384615385
2021-08-06,11.935416666666667,,7.933333333333334,13.645454545454545
2021-08-07,14.383720930232558,,,8.516666666666667
2021-08-08,8.22857142857143,,,12.0
2021-08-09,16.96470588235294,,,9.157142857142857
2021-08-10,15.890697674418604,,,10.3875
2021-08-11,18.09767441860465,,-0.2,4.85
2021-08-12,14.369811320754717,,5.1,10.357142857142858
2021-08-13,16.938888888888886,,7.4818181818181815,14.65625
2021-08-14,22.404761904761905,,6.640909090909091,10.604347826086956
2021-08-15,17.652380952380952,,4.568181818181818,7.68
2021-08-16,19.055,,10.735,16.4375
2021-08-17,32.765,,4.322727272727272,8.856
2021-08-18,24.51904761904762,,3.5476190476190474,7.1
2021-08-19,9.0,,3.7,4.466666666666667
2021-08-20,23.883333333333333,,2.7444444444444445,6.4
2021-08-21,21.531578947368423,,5.365,8.525
2021-08-22,10.189473684210526,,4.71,7.745
2021-08-23,2.278571428571429,,5.25,9.603846153846153
2021-08-24,8.02,,4.868421052631579,10.722641509433961
2021-08-25,2.4866666666666664,,2.7636363636363637,5.520754716981132
2021-08-26,1.3857142857142857,,4.421052631578948,8.96046511627907
2021-08-27,4.15,,5.533333333333333,10.548214285714286
2021-08-28,,,5.680952380952381,11.116279069767442
2021-08-29,,,4.933333333333334,8.494117647058824
2021-08-31,4.449999999999999,,4.623809523809523,7.973684210526316
2021-09-01,9.940000000000001,,6.2727272727272725,10.72948717948718
2021-09-02,4.666666666666667,,8.26,12.939024390243903
2021-09-03,26.1,,13.3,19.460465116279067
2021-09-04,,,14.615,20.25194805194805
2021-09-05,,,17.777272727272727,22.930588235294117
2021-09-06,32.199999999999996,,21.841176470588238,26.942253521126762
2021-09-07,,,23.53333333333333,28.020689655172415
2021-09-08,,,26.975,36.618
2021-09-09,15.6,,7.990909090909091,12.36969696969697
2021-09-10,,,3.0818181818181816,6.316666666666666
2021-09-11,,,,7.152380952380952
2021-09-12,30.3,,,7.529999999999999
2021-09-13,34.08947368421053,,,5.5227272727272725
2021-09-14,39.185,,,15.147058823529411
2021-09-15,27.973684210526315,,12.0,9.366666666666667
2021-09-16,42.292857142857144,,14.1,12.636363636363637
2021-09-17,,,9.083333333333334,9.758620689655173
2021-09-18,,,,13.895238095238096
2021-09-19,,,,26.38888888888889
2021-09-20,,,20.0,9.0
2021-09-21,,,12.5625,18.9
2021-09-22,,,14.235294117647058,
2021-09-23,,,5.611111111111111,
2021-09-24,,,2.727272727272727,9.42
2021-09-25,,,5.2727272727272725,
2021-09-26,,,8.952380952380953,
2021-09-27,,,3.7222222222222223,
2021-09-28,,,8.055555555555555,
2021-09-30,,,6.2631578947368425,
2021-10-01,,,2.4545454545454546,
2021-10-02,,,3.6666666666666665,
2021-10-03,,,1.8333333333333333,
2021-10-04,,,5.421052631578948,5.1
2021-10-05,,,3.380952380952381,
2021-10-06,,,7.136363636363637,
2021-10-07,,,9.045454545454545,
2021-10-08,,,8.55,
2021-10-09,,,30.764705882352942,
2021-10-10,,,18.181818181818183,
2021-10-11,,,9.6,14.3
2021-10-12,,,13.46875,
2021-10-13,,,12.738095238095237,
2021-10-14,,,12.266666666666667,
2021-10-15,,,10.714285714285714,
2021-10-16,,,15.86046511627907,
2021-10-17,,,13.483870967741936,
2021-10-18,,,12.090909090909092,
2021-10-19,,,14.454545454545455,
2021-10-20,,,9.545454545454545,
2021-10-21,,,10.818181818181818,
2021-10-22,,,9.681818181818182,
2021-10-23,,,11.136363636363637,
2021-10-24,,,9.090909090909092,
2021-10-25,,,10.047619047619047,
2021-10-26,,,7.909090909090909,
2021-10-27,,,7.818181818181818,
2021-10-28,,,9.818181818181818,
2021-10-30,,,8.8,
2021-11-01,,,,9.1
2021-11-02,93.1,,18.4,11.3
2021-11-03,63.904347826086955,,14.10217391304348,22.7
2021-11-04,55.77317073170731,,5.25,13.927272727272726
2021-11-05,91.16666666666667,,20.293333333333333,27.53478260869565
2021-11-06,49.1425,,8.990697674418605,14.885714285714286
2021-11-07,51.17272727272727,,7.813157894736841,18.78181818181818
2021-11-08,81.71190476190476,,11.975,22.85238095238095
2021-11-09,72.97999999999999,,6.3578947368421055,11.620000000000001
2021-11-10,71.03863636363636,,7.0,10.9
2021-11-11,64.5,,7.933333333333334,13.772222222222222
2021-11-12,56.14047619047619,,9.129999999999999,15.795238095238094
2021-11-13,53.43636363636363,,5.640909090909091,10.990909090909092
2021-11-14,39.2825,,8.200000000000001,11.325
2021-11-15,62.50588235294117,,12.4125,17.905555555555555
2021-11-16,82.61707317073171,,15.175,24.714285714285715
2021-11-17,76.46000000000001,,9.84736842105263,21.385714285714286
2021-11-18,67.72,,8.568181818181818,16.543333333333333
2021-11-19,51.23076923076923,,8.75,14.78095238095238
2021-11-20,48.59855072463768,,8.077272727272726,12.617391304347825
2021-11-21,27.883582089552238,,6.0590909090909095,11.04782608695652
2021-11-22,48.823188405797104,,8.25,15.965217391304348
2021-11-23,69.6779411764706,,16.15909090909091,25.334782608695654
2021-11-24,73.62388059701493,,22.304545454545455,30.818181818181817
2021-11-25,53.62238805970149,,9.381818181818183,17.156521739130437
2021-11-26,41.004444444444445,,5.4399999999999995,10.9
2021-11-27,9.443478260869565,,1.6666666666666667,
2021-11-29,32.809090909090905,,,17.008695652173913
2021-11-30,12.950000000000001,,,7.869565217391305
2021-12-01,17.991304347826087,,,7.891304347826087
2021-12-02,35.56956521739131,,,10.818181818181818
2021-12-03,37.5,,,12.539130434782608
2021-12-04,21.008695652173913,,,12.034782608695652
2021-12-05,16.12608695652174,,,6.482608695652174
2021-12-06,30.985714285714288,,,10.291304347826086
2021-12-07,38.25,,,8.26
2021-12-08,13.1,,,10.643478260869566
2021-12-09,26.94545454545454,,,10.647619047619047
2021-12-10,24.36521739130435,,,10.060869565217391
2021-12-11,33.88260869565217,,,10.465217391304348
2021-12-12,12.48695652173913,,,8.747826086956522
2021-12-13,5.25,,,7.934782608695652
2021-12-14,,,,11.860869565217392
2021-12-15,,,,9.283333333333333
2021-12-16,,,,13.884615384615385
2022-02-13,,,,1.0
2022-02-14,,,,8.823529411764707
2022-02-16,4.0,,,
2022-02-17,13.475,,,
2022-02-18,5.075,,,
2022-02-21,10.133333333333333,,,29.0
2022-02-22,12.8375,,,25.166666666666668
2022-02-23,18.271428571428572,,,
2022-02-24,8.514285714285714,,6.2,
2022-02-25,14.216666666666667,,13.656521739130437,
2022-02-27,12.4,,8.0,
2022-02-28,12.22,,12.859090909090908,
2022-03-01,48.2,,8.726086956521739,
2022-03-02,34.3,,22.181818181818183,
2022-03-03,19.8,,24.113636363636363,
2022-03-04,38.916666666666664,,11.85,
2022-03-05,,,5.970588235294118,
2022-03-06,7.0,,8.486363636363636,
2022-03-07,24.885714285714283,,10.756521739130434,30.0
2022-03-08,56.86129032258064,,24.02608695652174,28.4
2022-03-09,43.75714285714286,,9.995652173913044,
2022-03-10,47.622580645161285,,12.714285714285714,
2022-03-11,38.1448275862069,,10.947368421052632,
2022-03-12,40.2304347826087,,7.134782608695652,
2022-03-13,49.35,,7.818181818181818,
2022-03-14,61.48,,11.969565217391304,
2022-03-15,66.50333333333333,,15.036363636363637,
2022-03-16,50.800000000000004,,16.08,
2022-03-17,48.47666666666667,,6.555,
2022-03-18,59.23571428571428,,15.334782608695651,
2022-03-19,26.01304347826087,,16.98695652173913,
2022-03-20,60.525,,19.25,
2022-03-21,76.62413793103448,,44.86,63.0
2022-03-22,57.55,,40.72666666666667,57.06666666666667
2022-03-24,135.0,,67.7,78.35
2022-03-25,67.26086956521739,,59.2125,88.83181818181818
2022-03-26,47.64090909090908,,,56.050000000000004
2022-03-27,46.413636363636364,,,17.475
2022-03-29,39.67727272727273,,,44.0
2022-03-30,43.35909090909091,,,40.375
2022-03-31,32.18636363636364,,,16.157894736842106
2022-04-01,35.31363636363636,,,13.0
2022-04-02,64.32000000000001,,,16.476190476190474
2022-04-03,,,,16.454545454545453
2022-04-04,,,,13.68421052631579
2022-04-05,,,,13.909090909090908
2022-04-06,,,,12.590909090909092
2022-04-07,,,,14.285714285714286
2022-04-08,,,,17.045454545454547
2022-04-09,,,,12.380952380952381
2022-04-10,,,,16.736842105263158
2022-04-11,,,,31.045454545454547
2022-04-12,,,,24.043478260869566
2022-04-13,,,,14.863636363636363
2022-04-14,,,,17.907692307692308
2022-04-15,,,,24.0
2022-04-16,,,,38.340425531914896
2022-04-17,,,,27.095238095238095
2022-04-18,,,,19.357142857142858
2022-04-19,,,,20.05
2022-04-20,,,16.049999999999997,26.25
2022-04-21,,,25.27333333333333,26.59090909090909
2022-04-22,,,12.256818181818181,28.142857142857142
2022-04-23,,,20.490909090909092,34.45454545454545
2022-04-24,12.8,,12.304545454545455,25.565217391304348
2022-04-25,25.214285714285715,,8.625,22.193548387096776
2022-04-26,26.273333333333333,,6.870454545454546,16.90909090909091
2022-04-28,22.158823529411762,,9.98611111111111,22.464285714285715
2022-04-29,23.38214285714286,,8.032142857142857,21.448275862068964
2022-04-30,27.80909090909091,,8.468181818181819,21.227272727272727
2022-05-01,20.49047619047619,,9.168181818181818,19.285714285714285
2022-05-02,31.713636363636365,,8.634782608695652,18.09090909090909
2022-05-03,30.608695652173914,,16.69677419354839,25.217391304347824
2022-05-04,14.6,,14.542857142857143,11.0
2022-05-05,29.486363636363638,,6.886666666666667,15.272727272727273
2022-05-06,28.213636363636365,,6.730232558139535,13.681818181818182
2022-05-07,18.227272727272727,,4.291304347826087,14.363636363636363
2022-05-08,12.427272727272726,,8.479545454545455,21.428571428571427
2022-05-09,20.130434782608695,,10.15,
2022-05-10,14.116666666666667,,5.567441860465117,
2022-05-11,17.065384615384616,,5.2475000000000005,11.0
2022-05-12,16.347727272727273,,4.904255319148936,18.065217391304348
2022-05-13,14.963636363636363,,5.006153846153846,17.32608695652174
2022-05-14,19.24,,9.02153846153846,24.434782608695652
2022-05-15,,,14.71896551724138,27.31111111111111
2022-05-16,12.920689655172414,,14.850000000000001,27.347826086956523
2022-05-17,18.629545454545454,,6.845238095238095,20.608695652173914
2022-05-18,16.08157894736842,,4.348387096774194,16.47826086956522
2022-05-19,18.765714285714285,,4.308695652173912,13.91304347826087
2022-05-20,21.44090909090909,,4.2956521739130435,14.891304347826088
2022-05-21,16.072093023255814,,5.17906976744186,15.347826086956522
2022-05-22,21.983333333333334,,6.184210526315789,15.975
2022-05-23,14.919999999999998,,5.06875,11.275
2022-05-24,12.577272727272726,,2.3923076923076922,9.173913043478262
2022-05-25,10.393333333333334,,6.404347826086957,13.717391304347826
2022-05-26,8.280952380952382,,11.13953488372093,15.804347826086957
2022-05-28,5.038095238095238,,8.978260869565217,12.543478260869565
2022-05-29,4.577272727272727,,8.021739130434783,7.038461538461538
2022-05-30,18.759090909090908,,8.441176470588236,9.625
2022-05-31,19.73913043478261,,11.447368421052632,9.791666666666666
2022-06-01,17.093103448275862,,10.409090909090908,7.291666666666667
2022-06-02,18.62272727272727,,12.369565217391305,10.375
2022-06-03,8.136363636363637,,15.782608695652174,13.0
2022-06-04,2.776190476190476,,24.863636363636363,
2022-06-05,6.908695652173913,,47.142857142857146,
2022-06-06,11.176190476190476,,72.25,
2022-06-07,3.8,,17.0,
2022-06-08,7.7749999999999995,,15.0,
2022-06-09,13.714285714285714,,15.466666666666667,
2022-06-10,,,17.272727272727273,
2022-06-11,,,16.238095238095237,
2022-06-12,4.5,,15.117647058823529,
2022-06-13,7.4625,,15.15,
2022-06-14,15.02222222222222,,15.863636363636363,
2022-06-15,34.575,,18.136363636363637,26.7
2022-06-16,41.339999999999996,,18.0,20.80526315789474
2022-06-17,17.18,,20.23076923076923,19.85238095238095
2022-06-18,,,16.444444444444443,13.78095238095238
2022-06-19,3.6,,14.333333333333334,9.718181818181819
2022-06-20,4.228571428571429,,14.095238095238095,11.95
2022-06-21,37.9,,15.545454545454545,12.72857142857143
2022-06-22,27.125,,17.666666666666668,18.7875
2022-06-23,17.2,,,
2022-06-27,10.075,,,
2022-06-28,6.7,,,
2022-06-29,7.25,,,
2022-07-03,13.5,,,
2022-07-04,16.3,,,
2022-07-05,12.8,,,
2022-07-06,12.3,,,
2022-07-07,12.175,,,
2022-07-08,24.663636363636364,,8.6,18.75
2022-07-10,20.2,,4.1,7.9
2022-07-11,14.166666666666666,,4.15,7.75
2022-07-12,19.3,,4.0,7.8
2022-07-13,15.725,,5.0600000000000005,9.540000000000001
2022-07-14,20.775,,7.779999999999999,12.959999999999999
2022-07-15,12.833333333333334,,3.925,8.3
2022-07-17,32.9,,13.0,22.0
2022-07-18,65.42857142857143,,14.1125,28.175
2022-07-19,6.8,,26.5,32.7
2022-07-20,7.75,,20.4,25.839999999999996
2022-07-21,6.5,,7.05,13.0
2022-07-24,9.4,,5.4,10.1
2022-07-25,2.566666666666667,,6.25,9.15
2022-07-27,10.775,,4.64,9.0
2022-07-28,23.0,,5.1,10.92
2022-07-29,9.133333333333333,,4.875,10.9
2022-07-31,13.6,,3.0,5.5
2022-08-01,9.133333333333333,,2.75,4.800000000000001
2022-08-02,10.5,,10.5,26.9
2022-08-03,5.225,,8.64,19.28
2022-08-04,6.3,,4.85,7.65
2022-08-07,36.7,,8.6,17.3
2022-08-08,31.166666666666668,,8.525,15.45
2022-08-09,31.5,,6.0,9.8
2022-08-10,13.875,,6.36,10.940000000000001
2022-08-11,16.900000000000002,,6.925,12.9
2022-08-14,22.4,,9.0,17.1
2022-08-15,15.4,,8.125,14.175
2022-08-17,14.3,,9.9,18.4
2022-08-18,10.633333333333333,,9.45,16.525
2022-08-21,12.7,,8.1,12.2
2022-08-22,10.05,,6.3,9.72
2022-08-23,6.333333333333333,,3.075,3.4
2022-08-24,34.4,,5.8,10.4
2022-08-29,6.4,,4.1,7.8
2022-08-30,6.066666666666666,,3.8,7.8500000000000005
2022-08-31,4.4,,4.3,9.4
2022-09-01,3.8666666666666667,,4.925,11.0
2022-09-04,19.5,,5.7,12.4
2022-09-05,19.114285714285717,,5.625,10.1125
2022-09-06,12.1,,4.2,9.4
2022-09-07,5.225,,4.2,8.34
2022-09-08,6.833333333333333,,1.175,2.725
2022-09-11,11.0,,9.5,12.8
2022-09-12,13.866666666666667,,7.875,11.05
2022-09-13,12.7,,3.6,5.5
2022-09-14,11.4,,6.18,10.04
2022-09-15,15.633333333333335,,12.425,18.650000000000002
2022-09-19,20.0,,6.6,9.3
2022-09-20,17.066666666666666,,5.375,8.7
2022-09-21,22.9,,7.2,9.9
2022-09-22,20.4,,8.68,11.7
2022-09-23,6.8,,8.1,11.9
2022-09-25,5.1,,3.5,7.6
2022-09-26,2.5,,2.95,5.775
2022-09-27,10.4,,4.6,11.0
2022-09-28,18.6,,5.36,11.2
2022-09-29,32.166666666666664,,7.35,10.7
2022-10-02,52.1,,13.4,18.6
2022-10-03,41.76666666666667,,11.175,15.925
2022-10-04,3.4,,3.4,7.4
2022-10-05,3.35,,4.0,8.52
2022-10-06,8.425,,5.92,12.24
2022-10-07,16.566666666666666,,6.4,11.1
2022-10-09,38.1,,7.8,11.1
2022-10-10,24.933333333333334,,6.075,9.65
2022-10-11,55.1,,11.2,16.9
2022-10-12,48.875,,9.0,14.36
2022-10-13,15.233333333333334,,4.5,5.825
2022-10-16,6.6,,5.7,10.3
2022-10-17,10.15,,5.4799999999999995,10.6
2022-10-18,57.17857142857143,,10.08125,21.56875
2022-10-19,21.875,,8.66,15.059999999999999
2022-10-20,19.5,,19.675,30.7
2022-10-23,3.0,,4.3,7.7
2022-10-25,7.4,,5.4,11.3
2022-10-26,7.225,,6.08,12.34
2022-10-27,11.466666666666667,,6.5,11.25
2022-10-30,15.1,,5.9,11.0
2022-10-31,8.433333333333334,,6.25,12.575
2022-11-01,3.1,,3.1,5.8
2022-11-02,2.775,,3.3200000000000003,6.76
2022-11-03,3.5666666666666664,,2.225,3.8000000000000003
2022-11-06,6.3,,8.6,16.7
2022-11-07,9.200000000000001,,8.1,14.7
2022-11-17,6.3,,3.3,5.6
2022-11-18,3.1666666666666665,,3.1,5.3
2022-11-28,33.8,,14.8,17.4
2022-11-29,,,13.55,16.55
2022-12-07,,,25.0,
2022-12-08,,,21.22222222222222,
2022-12-18,,,1.5,1.9
2022-12-19,2.04,,2.8,4.3307692307692305
2022-12-29,,,6.7,13.2
2022-12-30,,,6.8,14.225
2023-01-02,59.8,,6.4,8.9
2023-01-03,34.56086956521739,,5.975,9.1625
2023-01-04,26.545833333333334,,,
2023-01-05,27.115384615384617,,,
2023-01-06,30.16153846153846,,,
2023-01-07,17.782608695652176,,,
2023-01-08,21.195652173913043,,3.4,5.4
2023-01-09,30.330434782608698,,4.177777777777778,8.144444444444444
2023-01-10,22.156521739130437,,,
2023-01-11,32.82142857142857,,,
2023-01-16,70.8,,,
2023-01-17,78.61739130434783,,,
2023-01-18,60.23478260869565,,,
2023-01-19,63.21739130434783,,14.4,20.8
2023-01-20,47.97826086956522,,5.725,8.975000000000001
2023-01-21,50.5195652173913,,,
2023-01-23,70.07777777777778,,12.6,15.3
2023-01-24,34.1695652173913,,12.59,16.490000000000002
2023-01-25,59.86,,,
2023-01-26,22.69782608695652,,5.65,8.1
2023-01-27,33.17826086956522,,6.707692307692308,8.922222222222222
2023-01-28,46.1,,11.5,
2023-01-29,39.21714285714285,,9.0,
2023-01-30,48.94347826086957,,,
2023-01-31,45.38478260869565,,,
2023-02-01,42.593333333333334,,,
2023-02-14,62.36521739130435,,39.8,50.3
2023-02-15,46.66304347826087,,44.02222222222222,54.58888888888889
2023-03-19,30.82608695652174,,,
2023-03-20,30.263333333333332,,,
2023-03-21,20.416,,,
2023-03-22,10.95,,,
2023-03-26,6.3,,4.4,9.2
2023-03-27,28.254166666666666,,4.35,9.41
2023-03-28,15.975,,3.766666666666667,7.116666666666667
2023-04-11,,,7.6,14.9
2023-04-12,,,8.3,16.3
2023-04-26,,,6.25,11.200000000000001
2023-05-08,,,1.1,3.1
2023-05-09,,,3.2,5.566666666666666
2023-05-15,,,7.2,11.6
2023-05-16,,,5.6000000000000005,10.583333333333334
2023-05-17,36.3,,,
2023-05-18,43.01428571428572,,10.4,16.4
2023-05-19,,,12.976190476190476,21.55
2023-05-20,,,10.519047619047619,17.168181818181818
2023-05-21,,,7.89047619047619,14.004347826086958
2023-05-22,,,9.141304347826088,24.278260869565216
2023-05-23,,,8.38125,15.840625
2023-05-24,,,11.987499999999999,21.204166666666666
2023-05-25,,,11.67142857142857,19.62272727272727
2023-05-26,,,12.9625,23.383333333333336
2023-05-27,,,13.291666666666666,20.841666666666665
2023-05-28,,,9.179166666666667,14.258333333333333
2023-05-29,,,7.957142857142857,15.063636363636363
2023-05-30,,,8.79047619047619,17.32272727272727
2023-05-31,,,5.73103448275862,10.493333333333334
2023-06-01,,,8.707407407407407,15.507142857142856
2023-06-02,,,9.357142857142858,19.87727272727273
2023-06-03,,,10.947619047619048,18.663636363636364
2023-06-04,,,7.10952380952381,12.745454545454544
2023-06-05,19.4,,6.995454545454546,13.304347826086957
2023-06-06,20.5,,7.188888888888889,13.607142857142858
2023-06-07,26.389999999999997,,11.647619047619047,21.854545454545455
2023-06-08,19.904761904761905,,10.185714285714287,19.599999999999998
2023-06-09,22.33809523809524,,15.066666666666666,26.6
2023-06-10,28.05714285714286,,19.366666666666667,22.1
2023-06-11,39.9,,,
2023-06-12,43.71904761904762,,,
2023-06-13,27.238095238095237,,,
2023-06-14,27.96521739130435,,,
2023-06-15,31.94285714285714,,,
2023-06-16,30.52857142857143,,,
2023-06-17,35.352380952380955,,,
2023-06-18,28.74761904761905,,,
2023-06-19,27.3,,8.3,15.1
2023-06-20,36.47826086956522,,11.8125,19.212500000000002
2023-06-21,37.4695652173913,,,
2023-06-22,37.35217391304348,,,
2023-06-23,41.20476190476191,,,
2023-06-24,34.93043478260869,,,
2023-06-25,23.52608695652174,,6.0,
2023-06-26,33.75217391304348,,2.9166666666666665,
2023-06-27,41.06521739130435,,4.4,
2023-06-28,34.43043478260869,,6.0,
2023-06-29,24.528571428571432,,0.5384615384615384,
2023-06-30,,,5.625,
2023-07-01,,,17.0,
2023-07-02,,,9.936,16.9
2023-07-03,,,5.8,13.583333333333334
2023-07-04,,,5.2,11.133333333333333
2023-07-11,,,5.75,
2023-07-12,,,2.625,
2023-07-13,,,2.090909090909091,
2023-07-14,,,3.2,
2023-07-15,,,3.3400000000000003,
2023-07-16,,,2.4236666666666666,
2023-07-17,,,2.101853333333333,
2023-07-18,,,2.508,
2023-07-19,,,2.6763181818181816,
2023-07-20,,,4.005833333333333,
2023-07-21,,,7.1808571428571435,
2023-07-22,,,2.3800499999999998,
2023-07-23,,,1.1384565217391305,
2023-07-24,,,4.0998913043478264,
2023-07-25,,,3.827916666666667,
2023-07-26,,,5.489463414634146,
2023-07-27,,,2.240111111111111,
2023-07-28,,,1.0462348837209303,
2023-07-29,,,2.232780487804878,
2023-07-30,,,3.378789473684211,
2023-07-31,,,3.230818181818182,
2023-08-01,,,3.543765957446808,
2023-08-02,,,0.8212488888888889,
2023-08-03,,,3.43725,
2023-08-04,,,6.0562499999999995,
2023-08-05,,,4.483847826086957,
2023-08-06,,,2.487139534883721,
2023-08-07,,,3.0733333333333337,
2023-08-08,,,1.64,
2023-08-09,,,3.0,
2023-08-10,,,2.5,
2023-08-11,,,2.772727272727273,
2023-08-12,,,3.909090909090909,
2023-08-13,,,1.2727272727272727,
2023-08-14,,,1.6818181818181819,
2023-08-15,,,3.391304347826087,
2023-08-16,,,5.840909090909091,
2023-08-17,,,5.88,
2023-08-18,,,13.454545454545455,
2023-08-19,,,5.954545454545454,
2023-08-20,,,6.2272727272727275,
2023-08-21,,,5.708648648648649,
2023-08-22,,,5.568695652173914,
2023-08-23,,,6.160697674418605,
2023-08-24,,,10.102727272727272,
2023-08-25,,,3.9487441860465116,
2023-08-26,,,6.387674418604652,
2023-08-27,,,4.715536585365854,
2023-08-28,,,6.005111111111112,
2023-08-29,,,7.2684375,
2023-09-10,,,26.0,
2023-09-11,,,14.590909090909092,
2023-09-12,,,12.545454545454545,
2023-09-13,,,11.304347826086957,
2023-09-14,,,11.75,
2023-09-15,,,14.613636363636363,
2023-09-16,,,16.795454545454547,
2023-09-17,,,21.477272727272727,
2023-09-18,,,9.659090909090908,
2023-09-19,,,8.55813953488372,
2023-09-20,,,8.46875,
2023-09-21,,,7.186046511627907,
2023-09-22,,,8.113636363636363,
2023-09-23,,,8.181818181818182,
2023-09-24,,,7.954545454545454,
2023-09-25,,,8.590909090909092,
2023-09-26,,,8.279069767441861,
2023-09-27,,,10.159090909090908,
2023-09-28,,,8.1875,
2023-09-29,,,7.3125,
2023-09-30,,,10.958333333333334,
2023-10-01,,,11.954545454545455,
2023-10-02,,,12.545454545454545,
2023-10-03,,,7.777777777777778,
2023-10-04,,,5.36,
2023-10-05,,,5.681818181818182,
2023-10-06,,,7.105263157894737,
2023-10-07,,,16.349999999999998,
2023-10-08,,,13.448749999999999,
2023-10-09,,,20.675,
2023-10-10,,,25.533333333333335,
2023-10-11,,,21.05217391304348,
2023-10-12,,,12.909047619047618,
2023-10-13,,,7.8675,
2023-10-14,,,5.967727272727273,
2023-10-15,,,7.475869565217391,
2023-10-16,,,13.058750000000002,
2023-10-17,,,5.555454545454546,
2023-10-18,,,12.347777777777777,
2023-10-19,,,6.641333333333334,
2023-10-20,,,8.603809523809524,
2023-10-21,,,5.325217391304348,
2023-10-22,,,7.229,
2024-01-25,,,13.0,
2024-01-26,,,11.409090909090908,
2024-01-27,,,25.0,
2024-01-28,,,14.291666666666666,
2024-01-29,,,16.045454545454547,
2024-01-30,,,8.25,
2024-01-31,,,8.91304347826087,
2024-02-01,,,12.083333333333334,
2024-02-02,,,9.63888888888889,
2024-02-03,,,11.145833333333334,
2024-02-04,,,10.770833333333334,
2024-02-05,,,13.395833333333334,
2024-02-06,,,15.75,
2024-02-07,,,15.166666666666666,
2024-02-08,,,10.818181818181818,
2024-02-09,,,12.291666666666666,
2024-02-10,,,12.854166666666666,
2024-02-11,,,14.854166666666666,
2024-02-12,,,10.042553191489361,
2024-02-13,,,9.770833333333334,
2024-02-14,,,11.020833333333334,
2024-02-15,,,11.270833333333334,
2024-02-16,,,11.319148936170214,
2024-02-17,,,10.152173913043478,
2024-02-18,,,6.0,
2024-02-19,,,11.416666666666666,
2024-02-20,,,8.4105,
2024-02-21,,,5.712777777777778,
2024-02-22,,,4.786444444444444,
2024-02-23,,,7.53275,
2024-02-24,,,14.020377358490567,
2024-02-25,,,24.287222222222223,
2024-02-26,,,4.037105263157895,
2024-02-27,,,11.144545454545455,
2024-02-28,,,11.560714285714287,
2024-02-29,,,5.773684210526316,
2024-03-01,,,6.886,
2024-03-02,,,6.046176470588235,
2024-03-03,,,16.69590909090909,
2024-03-04,,,11.765526315789472,
2024-03-05,,,13.429750000000002,
2024-03-06,,,37.527499999999996,40.79375
2024-03-07,,,49.54583333333333,62.611999999999995
2024-03-08,,,46.9625,59.134693877551015
2024-03-09,,,25.389791666666667,30.76153846153846
2024-03-10,,,33.23119047619048,38.98142857142857
2024-03-11,,,53.253125,67.75625
2024-03-13,,,8.106666666666667,7.098333333333334
2024-03-14,,,11.3175,8.345833333333333
2024-03-15,,,7.434782608695652,5.621521739130435
2024-03-16,,,6.14225,4.66025
2024-03-17,,,9.428684210526317,7.053868421052632
2024-03-18,5.36,,8.701,5.245227272727273
2024-03-19,,,,4.857931818181818
2024-03-20,,,,12.273333333333333
2024-03-21,,,,20.869333333333334
2024-03-22,,,,14.140652173913043
2024-03-23,3.123333333333333,,,3.160888888888889
2024-03-24,3.06,,,10.124473684210527
2024-03-25,28.22,,,9.8465
2024-03-26,19.800714285714285,,,17.77264705882353
2024-03-27,10.23578947368421,,,2.801875
2024-03-28,6.920416666666667,,,3.3819277777777774
2024-03-29,6.333333333333333,,,2.335973684210526
2024-03-30,16.465,,,5.829361111111111
2024-03-31,11.612083333333333,,,39.11818181818182
2024-04-01,7.607826086956521,,,7.1753125
2024-04-02,7.154705882352941,,,2.447071428571429
2024-04-03,5.6937500000000005,,,2.62
2024-04-04,4.850750000000001,,,4.746499999999999
2024-04-05,4.8478260869565215,,,6.42375
2024-04-10,4.6850000000000005,,,
2024-04-11,6.388333333333333,,,
2024-04-12,6.155454545454545,,,
2024-04-13,3.9746086956521736,,,
2024-04-14,1.341,,,
2024-04-15,1.1624615384615384,,,
2024-04-16,4.6615,,,
2024-04-17,7.414166666666667,,,
2024-04-18,5.205217391304347,,,
2024-04-19,5.35375,,,
2024-04-20,3.81695652173913,,,
2024-04-21,2.8104347826086955,,,
2024-04-22,7.41421052631579,,,
2024-04-23,7.745,,,
2024-04-25,16.643333333333334,,,
2024-04-26,11.795555555555556,,,
2024-05-14,,,6.335483870967742,
2024-05-15,,,9.022562500000001,
2024-05-16,,,23.03333333333333,
2024-05-17,,,10.308333333333334,
2024-05-18,,,26.829375,
2024-05-19,,,24.289583333333336,
2024-05-20,,,20.30270833333333,
2024-05-21,,,25.497291666666666,
2024-05-22,,,24.547291666666666,
2024-05-23,,,9.135555555555555,3.205
2024-05-24,,,6.374444444444444,5.720416666666666
2024-05-25,,,11.282083333333333,10.125
2024-05-26,,,7.240476190476191,6.775714285714286
2024-05-27,,,5.239573333333333,9.674733333333334
2024-05-28,,,5.426500000000001,5.315083333333333
2024-05-29,,,4.328333333333333,3.9120833333333334
2024-05-30,,,4.745217391304348,3.929130434782609
2024-05-31,,,9.741527777777778,9.742083333333333
2024-06-01,,,11.138472222222223,11.865
2024-06-02,,,13.292307692307693,14.585217391304347
2024-06-03,,,7.837272727272727,8.274545454545454
2024-06-04,,,8.482727272727272,8.901363636363637
2024-06-05,,,13.459166666666667,14.17125
2024-06-06,,,17.635,18.824583333333333
2024-06-07,,,11.845416666666667,12.564583333333333
2024-06-08,,,4.610416666666667,4.8845833333333335
2024-06-09,,,7.15625,7.5370833333333325
2024-06-10,,,5.833541666666666,6.128583333333334
2024-06-11,,,5.79625,6.067083333333334
2024-06-12,,,10.618181818181817,11.085454545454546
2024-06-13,,,7.9875,8.38125
2024-06-14,,,2.211958333333333,2.503875
2024-06-15,,,1.88,2.11
2024-07-12,,,6.68,7.001666666666666
2024-07-13,,,8.400289855072463,8.835942028985507
2024-07-14,,,10.745138888888889,11.272361111111111
2024-07-15,,,12.821014492753623,13.421594202898552
2024-07-16,,,7.529583333333333,7.907361111111111
2024-07-17,,,11.687391304347825,12.237246376811594
2024-07-18,,,11.025263157894738,11.551228070175437
2024-07-19,,,17.516944444444444,18.444305555555555
2024-07-20,,,9.056249999999999,9.523611111111112
2024-07-21,,,5.4325,5.674166666666666
2024-07-22,,,6.2013043478260865,6.568115942028985
2024-07-23,,,7.444305555555555,7.840833333333332
2024-07-24,,,12.947222222222223,13.652222222222223
2024-07-25,,,5.879166666666666,6.2404166666666665
2024-07-26,,,7.741927710843374,8.22722891566265
2024-07-27,,,6.300652173913043,6.644347826086956
2024-07-28,,,9.750729166666668,10.231041666666666
2024-07-29,,,14.703125,15.322291666666667
2024-07-30,,,22.9875,24.403125
2024-07-31,,,13.342708333333334,13.8178125
2024-08-01,,,19.903125,20.990416666666665
2024-08-02,,,31.563076923076924,37.102179487179484
2024-08-03,,,7.847916666666666,8.25375
2024-08-04,,,5.5675,5.877916666666667
2024-08-05,,,8.671666666666667,9.1275
2024-08-06,,,7.2475,7.545416666666667
2024-08-07,,,5.11125,5.4175
2024-08-08,,,6.0566666666666675,6.454999999999999
2024-08-09,,,3.5941666666666667,3.8025
2024-08-10,,,7.7225,8.120416666666666
2024-08-11,,,9.102083333333333,9.467916666666666
2024-08-12,,,12.059541666666666,12.522083333333333
2024-08-13,,,3.578958333333333,3.7929166666666667
2024-08-14,,,9.23695652173913,9.602608695652174
2024-08-15,,,6.0562499999999995,6.345416666666666
2024-08-16,,,4.915454545454545,5.169090909090909
2024-08-24,,,5.0,
2024-08-25,,,3.5416666666666665,
2024-08-26,,,6.208333333333333,
2024-08-27,,,6.708333333333333,
2024-08-28,,,10.625,
2024-08-29,,,8.49,6.13
2024-08-30,,,11.291666666666666,
2024-08-31,,,10.083333333333334,
2024-09-01,,,16.424999999999997,31.708333333333332
2024-09-02,,,11.593636363636364,14.944166666666668
2024-09-03,,,3.90625,6.219166666666666
2024-09-04,,,6.186444444444444,8.486190476190476
2024-09-05,,,16.113695652173913,26.025000000000002
2024-09-06,,,8.887567567567567,15.037333333333333
2024-09-07,,,12.649583333333332,18.158333333333335
2024-09-08,,,3.3343275862068964,4.23034705882353
2024-09-09,,,4.940916666666666,5.033708333333333
2024-09-10,,,5.392430097087378,4.420959523809524
2024-09-11,,,2.0941529411764703,1.1917568181818181
2024-09-12,,,2.5099251572327046,1.1849833333333333
2024-09-13,,,8.083576068376068,6.504447058823529
2024-09-14,,,7.196801324503312,7.041520833333333
2024-09-15,,,7.090506578947369,7.389520833333333
2024-09-16,,,5.744308441558442,5.881093750000001
2024-09-17,,,2.25916496350365,1.6498145833333335
2024-09-18,,,8.542257894736842,12.444666666666668
2024-09-19,,,27.127808219178082,46.449999999999996
2024-09-20,,,28.270866141732284,47.45208333333333
2024-09-21,,,25.61607843137255,40.63979166666667
2024-09-22,,,24.365259259259258,28.993333333333336
2024-09-23,,,11.248581632653062,14.257741935483871
2024-09-24,,,9.568026086956522,8.780416666666666
2024-09-25,,,4.774971551724138,2.3404166666666666
2024-09-26,,,2.813456701030928,1.3283333333333334
2024-09-27,,,2.485612727272727,0.23183333333333334
2024-09-28,,,6.772945454545455,8.235495833333333
2024-09-29,,,4.685142016806722,5.3681363636363635
2024-09-30,,,2.322347777777778,
2024-10-01,,,5.326470588235294,
2024-10-02,,,5.232096774193548,
2024-10-03,,,8.453513513513514,
2024-10-04,,,13.45433962264151,
2024-10-05,,,13.339148936170213,
2024-10-06,,,6.130645161290323,
2024-10-07,,,6.071238095238096,
2024-10-08,,,4.935777777777777,
2024-10-12,,,6.0,
2024-10-13,,,7.3,
2024-10-14,,,12.0,
2024-10-19,,,9.0,
2024-10-20,,,6.916666666666667,
2024-10-21,,,9.11111111111111,
2024-10-22,,,3.857142857142857,
2024-10-23,,,8.0,
2024-10-24,,,7.142857142857143,
2024-10-25,,,7.916666666666667,
2024-10-26,,,12.5,
2024-10-27,,,12.9,
2024-10-28,,,3.0714285714285716,
2024-10-29,,,10.5,
2024-10-30,,,8.923076923076923,
2024-10-31,,,17.0,
2024-11-01,,,15.0,
2024-11-02,,,7.444444444444445,
2024-11-03,,,15.0,
2024-11-05,,,49.13,64.7
2024-11-06,,,34.05833333333333,45.79583333333333
2024-11-07,,,35.02916666666667,45.42083333333333
2024-11-08,,,36.079166666666666,46.73333333333333
2024-11-09,,,37.74583333333333,49.14166666666667
2024-11-10,,,33.57941176470588,49.57916666666667
2024-11-11,,,7.962583333333334,8.071416666666666
2024-11-12,,,5.224844444444444,2.472857142857143
2024-11-13,,,11.178993749999998,12.169916666666666
2024-11-14,,,17.25733333333333,24.12125
2024-11-15,,,16.2693125,19.2025
2024-11-16,,,19.755208333333332,29.640833333333333
2024-11-17,,,4.003354166666667,2.1328333333333336
2024-11-18,,,8.667649122807017,10.514166666666666
2024-11-19,,,8.121125,5.07625
2024-11-20,,,8.350017857142857,6.554036111111111
2024-11-21,,,12.550635416666667,13.798125
2024-11-22,,,9.436055208333334,8.411158333333335
2024-11-23,,,5.979309375,4.8335
2024-11-24,,,9.66646875,6.035583333333334
2024-11-25,,,5.995063854166666,2.8051041666666667
2024-11-26,,,10.9301159375,11.955520833333333
2024-11-27,,,12.402364895833331,13.98149375
2024-11-28,,,30.141666666666666,41.36666666666667
2024-11-29,,,11.594166666666666,13.903958333333334
2024-11-30,,,12.2196875,15.907291666666666
2024-12-01,,,9.038973536585367,10.624208333333334
2024-12-02,,,3.212020125,1.9939341071428571
2024-12-03,,,11.675164383561643,12.086877551020407
2024-12-04,,,15.825833333333334,22.175
2024-12-05,,,2.3307645833333335,2.158375
2024-12-06,,,5.670979166666666,3.187333333333333
2024-12-07,,,3.519364583333333,0.8865416666666667
2024-12-08,,,3.722506382978723,1.6337916666666665
2024-12-09,,,3.3204166666666666,3.8825000000000003
2024-12-10,,,2.464612334801762,4.05375
2024-12-11,,,4.757787822878229,2.515
2024-12-12,,,13.33377990430622,
2024-12-13,,,24.379817850637522,
2024-12-14,,,19.06576612903226,
2024-12-15,,,3.178726530612245,
2024-12-16,,,2.093371018329939,
2024-12-17,,,9.25272365805169,
2024-12-18,,,3.2931402805611225,
2024-12-19,,,1.4144122406639006,
2024-12-20,,,3.498308957952468,
2024-12-21,,,3.4685185810810806,
2024-12-22,,,2.0154772563176895,
2024-12-23,,,5.584412296564195,
2024-12-24,,,14.86115992970123,
2024-12-25,,,8.69133953488372,
2024-12-26,,,13.054285714285713,
2024-12-27,,,17.46710891089109,
2024-12-28,,,15.625,
2024-12-29,,,11.577946428571428,
2024-12-30,,,2.456157894736842,
2024-12-31,,,2.945649779735683,
2025-01-01,,,2.0864832103321036,
2025-01-02,,,5.972928870292887,
2025-01-03,,,14.728657074340529,
2025-01-04,,,18.447712609970676,
2025-01-05,,,6.005347079037801,
2025-01-06,,,2.29735871559633,2.856
2025-01-07,,,3.7747589743589742,6.791052631578947
2025-01-08,,,15.110430622009568,17.651304347826088
2025-01-09,,,20.404615384615383,26.400000000000002
2025-01-10,,,32.76362637362637,48.574999999999996
2025-01-11,,,63.609356725146206,81.40714285714286
2025-01-12,,,53.04066666666667,97.44999999999999
2025-01-13,,,15.758214285714287,29.285714285714285
2025-01-14,,,21.539,
2025-01-15,,,23.822047244094488,
2025-01-16,,,18.63490566037736,
2025-01-17,,,28.037499999999998,
2025-01-18,,,32.178000000000004,
2025-01-19,,,27.05892857142857,
2025-01-20,,,25.361538461538462,
2025-01-21,,,26.645714285714288,
2025-01-22,,,29.22142857142857,
2025-01-23,,,9.392413793103447,
2025-01-24,,,5.432597402597403,
2025-01-25,,,9.159607843137255,
2025-01-26,,,6.101237113402062,
2025-01-27,,,3.778192771084337,
2025-01-28,,,2.9309809523809522,
2025-01-29,,,6.9443245614035085,
2025-01-30,,,7.2634920634920634,
2025-01-31,,,8.24123157894737,
2025-02-01,,,10.812134831460673,
2025-02-02,,,19.67048780487805,
2025-02-03,,,17.26184210526316,
2025-02-04,,,6.5328767123287665,
2025-02-05,,,9.364285714285714,42.142857142857146
2025-02-06,12.3,,11.469791666666666,29.375
2025-02-07,21.46153846153846,,13.110416666666666,25.625
2025-02-08,,,23.477083333333336,37.125
2025-02-09,,,19.193181818181817,28.541666666666668
2025-02-10,,,34.359722222222224,47.708333333333336
2025-02-11,,,29.082278481012658,38.541666666666664
2025-02-12,,,25.934736842105266,36.333333333333336
2025-02-13,,,26.808333333333334,43.875
2025-02-14,,,28.911290322580644,41.291666666666664
2025-02-15,,,36.63272727272727,41.0
2025-02-16,,,35.19375,34.5
2025-02-17,,,31.541666666666668,35.166666666666664
2025-02-18,,,42.28125,49.208333333333336
2025-02-19,,,44.64166666666667,51.25
2025-02-20,,,10.4625,12.958333333333334
2025-02-21,,,15.239583333333334,19.041666666666668
2025-02-22,,,13.118958333333333,31.125
2025-02-23,,,8.502708333333333,21.375
2025-02-24,,,6.927958333333333,20.708333333333332
2025-02-25,63.2,,8.065624999999999,29.083333333333332
2025-02-26,,,4.893076923076923,21.5
2025-03-06,40.8,,,
2025-03-07,32.8304347826087,,,
2025-03-09,75.0,,,
2025-03-10,55.475,,,
2025-03-11,35.0,,,
2025-03-17,,,18.0,31.0
2025-03-18,,,15.066666666666666,34.857142857142854
2025-03-22,50.2,,,
2025-03-23,26.40416666666667,,,
2025-03-24,34.92916666666667,,,
2025-03-25,31.724999999999998,,,
2025-03-26,31.75,,,
2025-03-27,24.179166666666664,,7.0,9.0
2025-03-28,19.620833333333334,,4.833333333333333,21.375
2025-03-29,23.64,,4.96,19.2
2025-03-30,16.262857142857143,,6.590909090909091,17.74418604651163
2025-03-31,26.641666666666666,,6.285714285714286,14.857142857142858
2025-04-01,17.416666666666668,,8.173913043478262,22.152173913043477
2025-04-02,20.841666666666665,,10.659574468085106,25.02127659574468
2025-04-03,32.225,,16.51063829787234,32.638297872340424
2025-04-04,32.872727272727275,,22.82608695652174,39.130434782608695
2025-04-05,14.341666666666667,,9.787234042553191,21.5531914893617
2025-04-06,16.412499999999998,,7.173913043478261,18.342105263157894
2025-04-07,23.72083333333333,,7.828571428571428,21.847826086956523
2025-04-08,31.099999999999998,,13.76595744680851,25.580645161290324
2025-04-09,21.029166666666665,,9.338983050847459,18.228571428571428
2025-04-10,27.976190476190474,,9.126984126984127,15.387096774193548
2025-04-11,51.99791666666667,,13.914893617021276,30.347826086956523
2025-04-12,49.029545454545456,,19.89887640449438,33.2
2025-04-13,22.0,,10.642105263157895,19.0
2025-04-14,42.00833333333333,,7.852631578947369,14.106382978723405
2025-04-15,37.802083333333336,,10.389473684210527,14.76595744680851
2025-04-16,26.941666666666666,,6.052631578947368,13.446808510638299
2025-04-17,51.30833333333334,,7.7894736842105265,18.48936170212766
2025-04-18,33.96666666666667,,8.667646017699115,16.106382978723403
2025-04-19,18.05,,8.627798319327733,16.97872340425532
2025-04-20,16.962500000000002,,7.433109243697479,13.69047619047619
2025-04-21,21.541666666666668,,12.851291262135922,12.571428571428571
2025-04-22,30.714583333333334,,5.941843666666667,
2025-04-23,35.952083333333334,,6.498607777777778,
2025-04-24,33.91041666666667,,14.958472222222222,
2025-04-25,34.420833333333334,,14.16604938271605,
2025-04-26,30.920833333333334,,22.912222222222223,
2025-04-27,32.78125,,22.934105263157893,
2025-04-28,43.30833333333334,,14.63289156626506,
2025-04-29,45.981818181818184,,18.59625,
2025-04-30,44.79183673469388,,22.53842857142857,
2025-05-01,48.55555555555556,,35.5971875,
